{
  "feature_names": [
    "btc_log_return_1h",
    "btc_log_return_4h",
    "btc_return_8h",
    "btc_return_24h",
    "btc_return_72h",
    "rsi_6h",
    "rsi_12h",
    "rsi_24h",
    "rsi_divergence",
    "macd",
    "macd_signal",
    "macd_momentum",
    "volatility_24h",
    "volatility_72h",
    "volatility_ratio_24h_72h",
    "volume_ratio",
    "price_range",
    "btc_up_ratio_24h",
    "up_down_ratio_24h",
    "direction_change_freq_24h",
    "fear_greed_value",
    "fear_greed_momentum",
    "btc_dominance_close",
    "dominance_trend",
    "momentum_4h",
    "momentum_24h",
    "atr_24h",
    "atr_ratio_24h",
    "hour",
    "day_of_week",
    "us_session"
  ],
  "sequence_length": 168,
  "stride": 24,
  "num_features": 31,
  "stats": {
    "mean": {
      "btc_log_return_1h": 3.644594904795922e-05,
      "btc_log_return_4h": 0.00014610044760731328,
      "btc_return_8h": 0.0004887747543155729,
      "btc_return_24h": 0.0015165097320680022,
      "btc_return_72h": 0.0045607843193856655,
      "rsi_6h": 0.008604556420062425,
      "rsi_12h": 0.007570860331594288,
      "rsi_24h": 0.006809446170492926,
      "rsi_divergence": -0.0017951102495694993,
      "macd": 0.07506670213554854,
      "macd_signal": 0.07957488057864688,
      "macd_momentum": -0.004508178443098329,
      "volatility_24h": 0.5658179944935078,
      "volatility_72h": 0.5914936207263615,
      "volatility_ratio_24h_72h": 0.9587024529661466,
      "volume_ratio": 1.0179048406175872,
      "price_range": 0.0094867423624079,
      "btc_up_ratio_24h": 0.510383488256197,
      "up_down_ratio_24h": 1.1026469491835857,
      "direction_change_freq_24h": 0.5174640318946091,
      "fear_greed_value": 47.243632228719946,
      "fear_greed_momentum": 0.0037064421946695434,
      "btc_dominance_close": 53.44670526608529,
      "dominance_trend": 0.004261809458044839,
      "momentum_4h": 5.61242267203847,
      "momentum_24h": 33.817050669526786,
      "atr_24h": 1.0259327380169074,
      "atr_ratio_24h": 0.009205904626947379,
      "hour": 11.508187134502924,
      "day_of_week": 3.000763482781027,
      "us_session": 0.33385315139701105
    },
    "std": {
      "btc_log_return_1h": 0.007326984288727123,
      "btc_log_return_4h": 0.014222482045693615,
      "btc_return_8h": 0.019812932561776575,
      "btc_return_24h": 0.0350384976886407,
      "btc_return_72h": 0.05976047004573012,
      "rsi_6h": 0.17400874415972511,
      "rsi_12h": 0.1308409744945992,
      "rsi_24h": 0.09849940341341801,
      "rsi_divergence": 0.11597272223378853,
      "macd": 1.105098984054367,
      "macd_signal": 1.112169574957026,
      "macd_momentum": 0.3205387199272476,
      "volatility_24h": 0.38695472283283455,
      "volatility_72h": 0.34404714107385054,
      "volatility_ratio_24h_72h": 0.29124128224873574,
      "volume_ratio": 0.6866041084162953,
      "price_range": 0.008908179594597913,
      "btc_up_ratio_24h": 0.0804513466600353,
      "up_down_ratio_24h": 0.3707577079732315,
      "direction_change_freq_24h": 0.09215753112121014,
      "fear_greed_value": 21.974096061901545,
      "fear_greed_momentum": 3.6007227839665417,
      "btc_dominance_close": 9.087611198342184,
      "dominance_trend": 0.2775611829236582,
      "momentum_4h": 484.300757199633,
      "momentum_24h": 1164.0299908586253,
      "atr_24h": 0.4573306343614929,
      "atr_ratio_24h": 0.004305571872471156,
      "hour": 6.922869174382653,
      "day_of_week": 2.0005074329732118,
      "us_session": 0.4715918122868045
    },
    "median": {
      "btc_log_return_1h": 7.691201427393473e-05,
      "btc_log_return_4h": 0.00019631778044450438,
      "btc_return_8h": 0.0003331290844872,
      "btc_return_24h": 0.00088875814489125,
      "btc_return_72h": 0.0024591392704076,
      "rsi_6h": 0.010556617275908599,
      "rsi_12h": 0.007964828318986001,
      "rsi_24h": 0.00647570034161195,
      "rsi_divergence": -0.001804259076320638,
      "macd": 0.0528844676039296,
      "macd_signal": 0.0549026921857122,
      "macd_momentum": -0.007595460008010535,
      "volatility_24h": 0.4801176553338856,
      "volatility_72h": 0.5154669452195755,
      "volatility_ratio_24h_72h": 0.9467145243727864,
      "volume_ratio": 0.8317463190405635,
      "price_range": 0.007065484609811556,
      "btc_up_ratio_24h": 0.5,
      "up_down_ratio_24h": 1.0,
      "direction_change_freq_24h": 0.5,
      "fear_greed_value": 47.0,
      "fear_greed_momentum": 0.0,
      "btc_dominance_close": 53.9402947880624,
      "dominance_trend": 0.0,
      "momentum_4h": 2.615000000000691,
      "momentum_24h": 11.925000000000182,
      "atr_24h": 0.9221937787771014,
      "atr_ratio_24h": 0.00819977049032,
      "hour": 12.0,
      "day_of_week": 3.0,
      "us_session": 0.0
    },
    "q25": {
      "btc_log_return_1h": -0.002462477584568505,
      "btc_log_return_4h": -0.004724652186076657,
      "btc_return_8h": -0.00688599916080745,
      "btc_return_24h": -0.013602659649800975,
      "btc_return_72h": -0.024753788885596675,
      "rsi_6h": -0.10869523737062299,
      "rsi_12h": -0.0755741530420212,
      "rsi_24h": -0.0552146564957822,
      "rsi_divergence": -0.08567207073748556,
      "macd": -0.4402875221247942,
      "macd_signal": -0.45087891599642266,
      "macd_momentum": -0.1656463188175729,
      "volatility_24h": 0.32278052402237095,
      "volatility_72h": 0.37493908765410866,
      "volatility_ratio_24h_72h": 0.7528329642281641,
      "volume_ratio": 0.6129213715400474,
      "price_range": 0.004432208301418127,
      "btc_up_ratio_24h": 0.4583333333333333,
      "up_down_ratio_24h": 0.8461538461538461,
      "direction_change_freq_24h": 0.4583333333333333,
      "fear_greed_value": 27.0,
      "fear_greed_momentum": -0.9166666666666714,
      "btc_dominance_close": 44.45625752355775,
      "dominance_trend": -0.08072112938363318,
      "momentum_4h": -92.59000000000106,
      "momentum_24h": -267.079999999999,
      "atr_24h": 0.7384729959923434,
      "atr_ratio_24h": 0.0060573286984041495,
      "hour": 6.0,
      "day_of_week": 1.0,
      "us_session": 0.0
    },
    "q75": {
      "btc_log_return_1h": 0.0026207256560937036,
      "btc_log_return_4h": 0.00520101136712125,
      "btc_return_8h": 0.007872954113229,
      "btc_return_24h": 0.016471451555679875,
      "btc_return_72h": 0.03387411017958573,
      "rsi_6h": 0.12600209820996613,
      "rsi_12h": 0.0901567205813316,
      "rsi_24h": 0.06739325142977015,
      "rsi_divergence": 0.08113216772464153,
      "macd": 0.5538303111312604,
      "macd_signal": 0.566919330602986,
      "macd_momentum": 0.15510056206530515,
      "volatility_24h": 0.6908360131861163,
      "volatility_72h": 0.714315598471162,
      "volatility_ratio_24h_72h": 1.159147989020401,
      "volume_ratio": 1.184725046919733,
      "price_range": 0.011566246817946735,
      "btc_up_ratio_24h": 0.5833333333333334,
      "up_down_ratio_24h": 1.4,
      "direction_change_freq_24h": 0.5833333333333334,
      "fear_greed_value": 66.0,
      "fear_greed_momentum": 1.0,
      "btc_dominance_close": 59.85111230180225,
      "dominance_trend": 0.08794593334275902,
      "momentum_4h": 104.887499999998,
      "momentum_24h": 321.31250000000045,
      "atr_24h": 1.1741027426158004,
      "atr_ratio_24h": 0.01134913101091025,
      "hour": 18.0,
      "day_of_week": 5.0,
      "us_session": 1.0
    }
  }
}